{"cameraMode":{"drawMode":0,"name":"Shaded","section":"Shading Mode"},"sceneLighting":false,"audioPlay":false,"sceneViewState":{"showFog":false,"showMaterialUpdate":false,"showSkybox":false,"showFlares":false,"showImageEffects":false,"showParticleSystems":false,"showVisualEffectGraphs":true,"m_FxEnabled":true},"in2DMode":false,"pivot":{"x":-0.006403088569641113,"y":0.9973033666610718,"z":0.45004090666770937},"rotation":{"x":0.17544640600681306,"y":-0.6843984723091126,"z":0.1751280426979065,"w":0.6857069134712219},"size":1.2031034231185914,"orthographic":false}